[
    {
        "district": "Tangail",
        "thana": [
            "Basail",
            "Bhuapur",
            "Chauhali",
            "Delduar",
            "Dhanbari",
            "Ghatail",
            "Gopalpur",
            "Kalihati",
            "Madhupur",
            "Mirzapur",
            "Nagarpur",
            "Sakhipur",
            "Tangail Sadar"
        ]
    },
    {
        "district": "Bagerhat",
        "thana": [
            "Bagerhat Sadar",
            "Chitalmari",
            "Fakirhat",
            "Kachua",
            "Mollahat",
            "Mongla",
            "Morelganj",
            "Rampal",
            "Sarankhola"
        ]
    },
    {
        "district": "Bandarban",
        "thana": [
            "Alikadam",
            "Bandarban Sadar",
            "Lama",
            "Naikhongchhari",
            "Rowangchhari",
            "Ruma",
            "Thanchi"
        ]
    },
    {
        "district": "Barguna",
        "thana": [
            "Amtali",
            "Bamna",
            "Barguna Sadar",
            "Betagi",
            "Patharghata",
            "Taltali"
        ]
    },
    {
        "district": "Barisal",
        "thana": [
            "Agailjhara",
            "Babuganj",
            "Bakerganj",
            "Banaripara",
            "Barisal Sadar",
            "Gaurnadi",
            "Hijla",
            "Jhalokathi",
            "Jhalokati Sadar",
            "Kanthalia",
            "Kotwali",
            "Mehendiganj",
            "Muladi",
            "Nalchity",
            "Nesarabad (Swarupkati)",
            "Rajapur",
            "Ujirpur",
            "Wazirpur"
        ]
    },
    {
        "district": "Bhola",
        "thana": [
            "Bhola Sadar",
            "Borhanuddin",
            "Char Fasson",
            "Daulatkhan",
            "Dokkhin Aicha",
            "Lalmohan",
            "Monpura",
            "Tazumuddin"
        ]
    },
    {
        "district": "Bogra",
        "thana": [
            "Adamdighi",
            "Bogra Sadar",
            "Bogura",
            "Bogura - Gabtoli",
            "Bogura - Shibganj",
            "Bogura Sadar",
            "Bogura-Sherpur",
            "Dhunat",
            "Dhunot",
            "Dhupchanchia",
            "Dupchachia",
            "Dupchanchia",
            "Gabtali",
            "Kahaloo",
            "Nandigram",
            "Nondigram",
            "Sariakandi",
            "Shajahanpur",
            "Shajahanpur - Bogura",
            "Shantaher",
            "Shariakandi",
            "Sherpur (BGR)",
            "Shibganj (BGR)",
            "Sonatala",
            "Sonatola"
        ]
    },
    {
        "district": "Brahmanbaria",
        "thana": [
            "Akhaura",
            "Ashuganj",
            "Bancharampur",
            "Banchharampur",
            "Bijoynagar",
            "Brahamanbaria Sadar",
            "Brahmanbaria",
            "Brahmanbaria Sadar",
            "Kasba",
            "Kosba",
            "Nabinagar",
            "Nasirnagar",
            "Sarail"
        ]
    },
    {
        "district": "Chakaria",
        "thana": [
            "Alikodom",
            "Aziz nagor",
            "Badorkali",
            "Chakaria Sadar",
            "Chiringa",
            "Dulhazara",
            "Kutakali",
            "Lama",
            "Malungad",
            "Pekua(CHK)"
        ]
    },
    {
        "district": "Chandpur",
        "thana": [
            "Chandpur Sadar",
            "Faridganj",
            "Haimchar",
            "Hajiganj",
            "Haziganj",
            "Kachua",
            "Kachua (CDP)",
            "Kachua - Chandpur",
            "Matlab",
            "Matlab Dakshin",
            "Matlab Uttar",
            "MatlabNorth",
            "MatlabSouth",
            "Shahrasti"
        ]
    },
    {
        "district": "Chapainawabganj",
        "thana": [
            "Bholahat",
            "Chapainababganj",
            "Chapainababganj - Shibganj",
            "Chapainawabganj",
            "Chapainawabganj Sadar",
            "Chapinawabganj Sadar",
            "Gomastapur",
            "Gomostapur",
            "Nachole",
            "Shibganj (CNJ)"
        ]
    },
    {
        "district": "Chittagong",
        "thana": [
            "Agrabad",
            "Agrabad-CDA",
            "Agrabad-Chomohuni",
            "Akbar Shah",
            "Akbarshah",
            "Anawara",
            "Andarkilla",
            "Anowara",
            "Anwara",
            "Bakolia",
            "Bakoliya",
            "Banshkhali",
            "Bashkhali",
            "Bayazid",
            "Bayazid Bostami",
            "Boalkhali",
            "Bondor",
            "Bondor-CTG",
            "CEPZ",
            "Chalkbazar (CTG)",
            "Chandanaish",
            "Chandgaon",
            "Chattogram Port",
            "Chawkbazar",
            "Chawkbazar-CTG",
            "Chittagong Akbar Shah",
            "Cox'sbazar",
            "CTG-Lohagara",
            "Double Mooring",
            "Doublemooring",
            "East Joara",
            "Enayet Bazar",
            "EPZ",
            "Epz - Ctg",
            "Fatikchari",
            "Fatikchhari",
            "Fatikchhari (CTG)",
            "gohira",
            "Halishahar",
            "Hathazari",
            "Karnafuli",
            "Karnaphuli",
            "Karnaphuli ",
            "Keranihat",
            "Khulshi",
            "Khulsi",
            "Kotwali (CTG)",
            "Kotwali-CTG",
            "Lohagara (CTG)",
            "Mirsharai",
            "Mohora",
            "Muradpur",
            "naraon hut",
            "Nasirabad",
            "Nazirhat",
            "New Market - CTG",
            "Noapara Raozan",
            "Pahartali",
            "Panchlaish",
            "Patenga",
            "Patiya",
            "Port (Bondor)",
            "Rangunia",
            "Raozan",
            "Rouzan",
            "Sadarghat",
            "Sadarghat - Ctg",
            "Sandip",
            "Sandwip",
            "Satkania",
            "Sitakunda",
            "Zorarganj"
        ]
    },
    {
        "district": "Chuadanga",
        "thana": [
            "Alamdanga",
            "Chuadanga",
            "Chuadanga Sadar",
            "Damurhuda",
            "Darshana",
            "Doulatganj",
            "Jibannagar",
            "Jibon Nagar",
            "Meherpur Sadar"
        ]
    },
    {
        "district": "Comilla",
        "thana": [
            "Adarsha Sadar",
            "Barura",
            "Batakandi",
            "Boruda",
            "Brahmanpara",
            "Burichang",
            "Chadina",
            "Chandina",
            "ChauddaGram",
            "Comilla Sadar",
            "Comilla Sadar South",
            "Cumilla",
            "Cumilla Cantonment",
            "Cumilla Sadar",
            "Cumilla Sadar Dakkhin",
            "CumillaSadar",
            "Daudkandi",
            "Debidwar",
            "Eliotgonj",
            "Homna",
            "Kotbari",
            "Laksam",
            "Lalmai",
            "Meghna",
            "Mia-Bazar",
            "Monoharganj",
            "Monohorgonj",
            "Muddafarganj",
            "Muradnagar",
            "Muradnagar - Companiganj",
            "Nangalkot",
            "Nangolkot",
            "Sadar Dakhshin",
            "SadarSouth",
            "Titas",
            "Titash"
        ]
    },
    {
        "district": "Coxs Bazar",
        "thana": [
            "Chakaria",
            "Coxs Bazar Sadar",
            "Cox’s Bazar",
            "Eidgaon",
            "Kutubdia",
            "Lama (COX)",
            "Lohagora",
            "Maheshkhali",
            "Moheshkhali",
            "Moheskhali",
            "Pekua",
            "Pekua (COX)",
            "Ramu",
            "SaintMartin",
            "Teknaf",
            "Ukhia",
            "Ukhiya"
        ]
    },
    {
        "district": "Dhaka",
        "thana": [
            "60Feet",
            "Adabor",
            "Aftab Nagar",
            "Agargaon",
            "Amtola",
            "Amtoli",
            "Arambag",
            "Arjatpara",
            "Ashkona",
            "Azimpur",
            "Azimpur (Lalbag)",
            "Aziz Sarani",
            "Babubazar",
            "Badda",
            "Baitul Aman Housing",
            "Bakshi Bazar",
            "Bakshibazar",
            "Balughat",
            "Banani",
            "Banani DOHS",
            "Banasree",
            "Bangla College",
            "Banglabazar",
            "Banglamotor",
            "Bangshal",
            "Baridhara",
            "Barobaria",
            "Barontak",
            "Bashabo",
            "Bashundhara-R/A",
            "BashundharaR/A-Dhaka",
            "Bawnia",
            "Bawnia-Uttara",
            "Begumbazar",
            "Begunbari",
            "Benaroshi Polli",
            "Beribadh-Mirpur",
            "Bhasantek",
            "Bhatara",
            "Bhatuliya",
            "Bibir Bagicha",
            "Bibirbagicha",
            "Bimanbandar",
            "Bimanbandar (DHK)",
            "Boro Moghbazar",
            "Boro Shahebr Bazar",
            "Borobag",
            "Bosila",
            "Cantonment",
            "Chairman Bari",
            "Chalabon",
            "Chalkbazar (DHK)",
            "Chankharpul",
            "Chawkbazar - Dhaka",
            "Coca-Cola",
            "Dakkhinkhan",
            "Dakshin Khan",
            "Darus-Salam",
            "Darussalam",
            "Demra",
            "Dhaka Cantonment",
            "Dhaka Uddyan",
            "Dhaka University",
            "DhakaRailwayPoliceStation",
            "DhakaSadar",
            "Dhanmondi",
            "Dholaipar",
            "Dholpur",
            "Dhonia",
            "Diabari",
            "Dilkusha",
            "East West Dental Hospital",
            "ECB Chattar",
            "ECBChattar",
            "Elenbari",
            "Eskaton",
            "Extension Pallabi",
            "Faidabad",
            "Farmgate",
            "Farmget",
            "Fokirapool",
            "Forashganj",
            "Gabtoli",
            "Gandaria",
            "Ganobhabon",
            "Gendaria",
            "Geneva Camp",
            "Gobindopur",
            "Golapbag",
            "Gonok Tuli",
            "Gopibagh",
            "Goran",
            "Gpo",
            "Gulistan",
            "Gulisthan",
            "Gulshan",
            "Gulshan 1",
            "Gulshan 2",
            "Hajaribag",
            "Haji Camp",
            "Hatirjheel",
            "Hatirpool",
            "Hazaribag",
            "Hemayetpur",
            "HighCourt",
            "HighCourt-SupremeCourt",
            "Ibrahimpur",
            "Imamganj",
            "Imamganj-Chawkbazar",
            "Islampur (Dhamrai)",
            "Jagannath University",
            "Jahangir Gate",
            "JahangirGate",
            "Jamuna Future Park",
            "Jatrabari",
            "Jigatola",
            "Jurain",
            "Kadamtoli",
            "Kadamtoli-Jatrabari",
            "Kaderabad",
            "Kafrul",
            "Kajla",
            "Kakrail",
            "Kalabagan",
            "Kalachadpur",
            "Kallyanpur",
            "Kalsi",
            "Kamal Ataturk Avenue",
            "Kamalapur",
            "Kamarpara",
            "Kamarpara-Uttara",
            "Kamlapur-Dhaka",
            "Kamrangirchar",
            "Kaptanbazar",
            "Kaptanbazar-Gulistan",
            "Katabon",
            "Katashur",
            "Kathalbagan",
            "Kawla",
            "Kawran Bazar",
            "Kawranbazar",
            "Kazipara",
            "Keraniganj - Daraz",
            "Khamar Bari",
            "Khilgaon",
            "Khilkhet",
            "Kochukhet",
            "Kodomtali",
            "Konapara",
            "Korail Bosti",
            "Koshai Bari",
            "Kotwali (DHK)",
            "Kotwali - Dhaka",
            "Kuril",
            "Kurmitola",
            "Kutubkhali",
            "Lakshmibazar",
            "Lalbag",
            "Lalbagh",
            "Lalkuthi",
            "Lalmatia",
            "Laxmibazar",
            "Madartek",
            "Malibag",
            "Malibagh Baganbari",
            "Malitola",
            "Manda",
            "Manik Mia Avenue",
            "Manik Nagar",
            "Manikdi",
            "Matikata",
            "Matuail",
            "Matuail-Demra",
            "Meradia",
            "MeradiaBazar",
            "Mirhazirbag",
            "Mirpur (DHK)",
            "Mirpur - Rupnagar",
            "Mirpur-DOHS",
            "Mitford",
            "Modhubag",
            "Mogbazar",
            "Mohakhali",
            "Mohakhali Dohs",
            "Mohakhali Wireless",
            "Mohammadpur (DHK)",
            "Monipur",
            "Monipuripara",
            "Motijheel",
            "Motijheel Thana",
            "Mugda",
            "Nabisco",
            "Nadda",
            "Nakhalpara",
            "Namapara",
            "Narinda",
            "Nawabpur",
            "Nazira Bazar",
            "New Market",
            "New Market - Dhaka",
            "New Paltan Azimpur",
            "Niketan",
            "Nikunja",
            "Nilkhet",
            "Nobodoy",
            "North Sanarpar",
            "NotunBazar",
            "Notunbazar-Kallayanpur",
            "NotunBazar-Vatara",
            "Nurerchala",
            "Paikpara",
            "Paikpara-Mirpur",
            "Pallabi",
            "Paltan",
            "Panthapath",
            "Paribag",
            "Paterbag",
            "Patuatuli",
            "Peyarabag",
            "Pink City",
            "Pirerbagh",
            "Polashi",
            "Polashpur",
            "Postogola",
            "Pragati Sarani",
            "Press Club",
            "Raja Bari",
            "Raja Bari-DHK",
            "Rajarbag",
            "Ramna",
            "Rampura",
            "Ranavola",
            "Rasulbag",
            "Rayer Bazar",
            "Rayerbag",
            "Razabajar",
            "Razarbag Police Line",
            "Return Point",
            "Rupnagar",
            "Sabujbag",
            "Sabujbagh",
            "Sadarghat - Dhaka",
            "Sadarghat-Dhaka",
            "Satarkul",
            "Saydabad",
            "Science Lab",
            "Senpara",
            "Shah Ali",
            "Shah Ali Bag",
            "Shahbag",
            "Shaheenbag",
            "Shahid Nagar",
            "Shahidbag",
            "Shahinbag",
            "Shahjadpur - Dhaka",
            "Shahjadpur-(Dhaka)",
            "Shahjahanpur",
            "Shakharibazar",
            "Shampur",
            "Shantibagh",
            "Shantinagar",
            "Shegunbagicha",
            "Sheikhdi",
            "Shekhertek",
            "Sher E Bangla Agricultural University",
            "Sher-E",
            "Sher-E Bangla Nagar",
            "Sher-e-Bangla Nagar",
            "Sher-E-Bangla National Cricket Stadium",
            "Sherebanglanagar",
            "Shewrapara",
            "Shiddeshwari",
            "Shipahibag",
            "Shishu Mela",
            "Shonalibagh",
            "Shukrabad",
            "Shutrapur",
            "Shyamoli",
            "Shyampur",
            "Siraz Market",
            "Sobhanbag",
            "Solmaid",
            "Solmaid-Vatara",
            "Sonirakhra",
            "Sony Cinema Hall",
            "Sort Center",
            "South Banasree",
            "South Bishil",
            "South Jatrabari",
            "South Kafrul",
            "SouthBanasree",
            "Sukrabad",
            "Sutrapur",
            "Tallabag",
            "Tatibazar",
            "Technical",
            "Technical-Mirpur",
            "Tejgaon",
            "Tejgaon Shilpanchal",
            "Tejkunipara",
            "Tikatoli",
            "Tolarbag",
            "Trimohini-SouthBanasree",
            "Turag",
            "Turag-(Dhaka)",
            "Uttara",
            "Uttara Purba",
            "Uttara West",
            "UttarKhan",
            "Uttora",
            "Vadail",
            "Vasantek",
            "Vatara",
            "Vootergoli",
            "Wari",
            "West Agargaon",
            "West Kafrul",
            "Zigatola"
        ]
    },
    {
        "district": "Dhaka - Dhamrai",
        "thana": [
            "Dhamrai",
            "Savar",
            "Dhulivita",
            "Islampur (Dhamrai)",
            "Kalampur",
            "Kawalipara",
            "Khorarchar",
            "Sayedpur"
        ]
    },
    {
        "district": "Dhaka - Keraniganj",
        "thana": [
            "Dohar",
            "Equria Thana",
            "Kadamtali-Keraniganj",
            "Keraniganj",
            "Keraniganj Atibazar",
            "Nawabganj",
            "Nawabganj (DHK)",
            "Nawabganj (Dohar)",
            "Naya Bazar",
            "Rohitpur"
        ]
    },
    {
        "district": "Dhaka-Savar",
        "thana": [
            "Akran Bazar",
            "Amin Bazar",
            "Ashulia Bazar",
            "Baipail",
            "Bakurta",
            "Bank Colony, Savar",
            "Bashundhara",
            "Beraid",
            "Bolivodro",
            "Charabag, Ashulia",
            "Deogao, Savar",
            "Ganda, Savar",
            "Jahangirnagar, Savar",
            "Jamgora",
            "Jatarabari",
            "Katghora, Savar",
            "Kolma",
            "Nischintapur",
            "Nobinagar",
            "Norosinhopur",
            "Noyarhat",
            "Pakiza, Savar",
            "Palashbari",
            "Palli Bidyut",
            "Polashbari",
            "Radio Colony, Savar",
            "Rajashon, Savar",
            "Savar - Nabinagar",
            "Savar Bazar",
            "Savar model thana (SVR)",
            "Savar-Nabinagar",
            "Shimultola Jamgora",
            "Shimultola, Savar",
            "Sreepur - Baipail",
            "Tenari Savar",
            "Zirabo"
        ]
    },
    {
        "district": "Dinajpur",
        "thana": [
            "Birampur",
            "Birganj",
            "Birol",
            "Bochaganj",
            "Chirirbandar",
            "Dinajpur",
            "Dinajpur Sadar",
            "Fulbari",
            "Ghoraghat",
            "Hakimpur",
            "Hakimpur (Hili)",
            "Kaharol",
            "Kaharole",
            "Khansama",
            "Khanshama",
            "Nawabganj (DJP)",
            "Nawabganj - Dinajpur",
            "Parbatipur"
        ]
    },
    {
        "district": "Faridpur",
        "thana": [
            "Alfadanga",
            "Bhanga",
            "Boalmari",
            "Char Bhadrasan",
            "Faridpur",
            "Faridpur Sadar",
            "Madhukhali",
            "Nagarkanda",
            "Sadarpur",
            "Saltha",
            "Vhanga"
        ]
    },
    {
        "district": "Feni",
        "thana": [
            "Chhagalnaiya",
            "Daganbhuiyan",
            "Feni",
            "Feni Sadar",
            "Fulgazi",
            "Parshuram",
            "Pashuram",
            "Sonagazi"
        ]
    },
    {
        "district": "Gaibandha",
        "thana": [
            "Fulchhari",
            "Gaibandha",
            "Gaibandha Sadar",
            "Gobindaganj",
            "Gobindganj",
            "Phulchari",
            "Sadullapur",
            "Saghata",
            "Sundarganj"
        ]
    },
    {
        "district": "Gazipur",
        "thana": [
            "1 No CNB",
            "2 No CNB",
            "Ambagh",
            "Amraid",
            "Aral",
            "Arikhola",
            "Bagher Bazar",
            "Baroipara",
            "Barotopa",
            "Basan",
            "Bhabanipur",
            "Bhawal Mirzapur",
            "Board Bazar",
            "Boardbazar",
            "Bonmala",
            "Bormi Bazar",
            "Borobari",
            "Chakraborty",
            "Chalar Bazar",
            "Chondra",
            "Dhamrai",
            "Dolan Bazar",
            "Gacha",
            "Gazipur",
            "Gazipur - Sreepur",
            "Gazipur Chowrasta",
            "Gazipur Sadar",
            "Gazipura",
            "GazipurSadar",
            "Gorgoria Masterbari",
            "Haydrabad",
            "Hotapara",
            "Joina Bazar",
            "Jorun",
            "Joydebpur",
            "Kaliakaar",
            "Kaliakair",
            "Kaliakoir",
            "Kaliakoir - Fulbaria",
            "Kaliganj (GZP)",
            "Kaliganj - Gazipur",
            "Kaoraid",
            "Kapashia",
            "Kapasia",
            "Kashimpur",
            "Kawran Bazar - Mawna",
            "Konabari",
            "Majukhan",
            "Maleker Bari",
            "Maona",
            "Mc Bazar",
            "Mirer Bazar",
            "Monipur Mawna",
            "Monnunagar",
            "Mowchak",
            "Nayonpur",
            "Notun Bazar",
            "Notun Bazar-Mawna",
            "Pach Pirer Mazar",
            "Pirozali",
            "Pollibiddut",
            "Porabari",
            "Pran Rfl Gate",
            "Pubail",
            "Puran Bazar",
            "Raja Bari Sreepur",
            "Rajendrapur",
            "Rajendrapur Bangla Bazar",
            "Rajendrapur Cantonment",
            "Raniganj",
            "Salna",
            "Shafipur",
            "Sreepur (GZP)",
            "Toke",
            "Tongi",
            "Tongi Cherag Ali",
            "Tongi College Gate",
            "Tongi Pashchim",
            "Tongi Purba",
            "Ulukhola",
            "Zirani"
        ]
    },
    {
        "district": "Gopalganj",
        "thana": [
            "Gopalganj",
            "Gopalganj Sadar",
            "Kashiani",
            "Kotalipara",
            "Muksudpur",
            "Tungipara"
        ]
    },
    {
        "district": "Habiganj",
        "thana": [
            "Ajmiriganj",
            "Bahubal",
            "Baniachong",
            "Baniyachong",
            "Chunarigath",
            "Chunarughat",
            "Habiganj",
            "Habiganj Sadar",
            "Lakhai",
            "Madhabpur",
            "Nabiganj",
            "Shaistaganj",
            "Shayestaganj"
        ]
    },
    {
        "district": "Jaipurhat",
        "thana": [
            "Akkelpur",
            "Jaipurhat",
            "Jaipurhat Sadar",
            "Joypurhat",
            "Joypurhat Sadar",
            "JoypurhatSadar",
            "Kalai",
            "Khetlal",
            "Panchbibi"
        ]
    },
    {
        "district": "Jamalpur",
        "thana": [
            "Bakshiganj",
            "Dewanganj",
            "Islampur",
            "Islampur - Jamalpur",
            "Jamalpur",
            "Jamalpur - Daraz",
            "Jamalpur Sadar",
            "Madarganj",
            "Melandaha",
            "Sarishabari"
        ]
    },
    {
        "district": "Jessore",
        "thana": [
            "Abhaynagar",
            "Bagachra",
            "Bagharpara",
            "Bagher Para",
            "Bagherpara",
            "Benapole",
            "Chaugachha",
            "Chougacha",
            "Jashore",
            "Jashore Sadar",
            "Jessore - DARAZ",
            "Jessore Sadar",
            "Jhikargacha",
            "Jhikargachha",
            "Keshabpur",
            "Manirampur",
            "Obhoynagar",
            "Sharsha"
        ]
    },
    {
        "district": "Jhalakati",
        "thana": [
            "Jhalakati",
            "Jhalakati Sadar",
            "Kathalia"
        ]
    },
    {
        "district": "Jhenaidah",
        "thana": [
            "Harinakundu",
            "Jhenaidah",
            "Jhenaidah Sadar",
            "Jhenaidha - Daraz",
            "Kaliganj",
            "Kaliganj (JND)",
            "Kaliganj - Jhenaidah",
            "Kotchandpur",
            "Maheshpur",
            "Moheshpur",
            "Shailkupa"
        ]
    },
    {
        "district": "Keraniganj",
        "thana": [
            "Kadamtali"
        ]
    },
    {
        "district": "Khagrachari",
        "thana": [
            "Dighinala",
            "Guimara",
            "Khagrachari",
            "Khagrachari Sadar",
            "Laxmichhari",
            "Maischori",
            "Manikchhari",
            "Matiranga",
            "Mohalchhari",
            "Mohalchori",
            "Panchhari",
            "Ramgarh",
            "Ramghar Head Office"
        ]
    },
    {
        "district": "Khulna",
        "thana": [
            "Aarongghata",
            "Batiaghata",
            "Botiaghata",
            "Boyra",
            "Dacope",
            "Dakop",
            "Daulatpur (KHL)",
            "Daulatpur - Khulna",
            "Dighalia",
            "Digholia",
            "Dumuria",
            "Fultola",
            "Horintana",
            "Khalishpur",
            "Khan Jahan Ali",
            "Khulna",
            "Khulna Sadar",
            "Kopilmuni",
            "Koyra",
            "Labonchora",
            "Paikgacha",
            "Paikgachha",
            "Phultala",
            "Rupsa",
            "Rupsha",
            "Sonadanga",
            "Terokhada"
        ]
    },
    {
        "district": "Kishoreganj",
        "thana": [
            "Ashtagram",
            "Austagram",
            "Bajitpur",
            "Bhairab",
            "Etna",
            "Hossainpur",
            "Itna",
            "Karimganj",
            "Katiadi",
            "KishoreganjSadar",
            "Kishoregonj Sadar",
            "Kishorganj",
            "Kuliarchar",
            "Mithamain",
            "Mithamoin",
            "Nikli",
            "Pakundia",
            "Tarail"
        ]
    },
    {
        "district": "Kurigram",
        "thana": [
            "Bhurungamari",
            "Char Rajibpur",
            "CharRajibpur",
            "Chilmari",
            "Kurigram",
            "Kurigram Sadar",
            "Nageshwari",
            "Phulbari",
            "Rajarhat",
            "Rowmari",
            "Ulipur"
        ]
    },
    {
        "district": "Kushtia",
        "thana": [
            "Bheramara",
            "Daulatpur",
            "Daulatpur (KST)",
            "Daulatpur - Kushtia",
            "Islamic University",
            "Khoksa",
            "Khoksha",
            "Kumarkhali",
            "Kushtia",
            "Kushtia Sadar",
            "Mirpur",
            "Mirpur (KST)",
            "Mirpur-Kushtia"
        ]
    },
    {
        "district": "Lakshmipur",
        "thana": [
            "Daraz - Lakshmipur",
            "Kamalnagar",
            "Komalnagar",
            "Lakshimpur Sadar",
            "Lakshmipur Sadar",
            "Laxmipur",
            "Raipur",
            "Ramganj",
            "Ramgati",
            "Roypur"
        ]
    },
    {
        "district": "Lalmonirhat",
        "thana": [
            "Aditmari",
            "Hatibandha",
            "Kaliganj (LMH)",
            "Kaliganj - Lalmonirhat",
            "Lalmonirhat",
            "Lalmonirhat Sadar",
            "Patgram"
        ]
    },
    {
        "district": "Madaripur",
        "thana": [
            "Dasar",
            "Kalkini",
            "Madaripur",
            "Madaripur Sadar",
            "Rajoir",
            "Shibchar"
        ]
    },
    {
        "district": "Magura",
        "thana": [
            "Magura",
            "Magura - Daraz",
            "Magura Sadar",
            "Mohammadpur",
            "Mohammadpur (MGR)",
            "Mohammadpur - Magura",
            "Shalikha",
            "Sreepur (MGR)",
            "Sreepur - Magura"
        ]
    },
    {
        "district": "Manikganj",
        "thana": [
            "Daulatpur (MKJ)",
            "Daulatpur - Manikganj",
            "Ghior",
            "Harirampur",
            "Manikganj",
            "Manikganj Sadar",
            "Saturia",
            "Shibalay",
            "Shibaloy",
            "Singair"
        ]
    },
    {
        "district": "Maona",
        "thana": [
            "Mawna",
            "Razendrapur",
            "Sreepur",
            "Vobanipur"
        ]
    },
    {
        "district": "Meherpur",
        "thana": [
            "Gangni",
            "Meherpur",
            "Mujib Nagar",
            "Mujibnagar"
        ]
    },
    {
        "district": "Moulvibazar",
        "thana": [
            "Baralekha",
            "Barlekha",
            "Juri",
            "Kamalganj",
            "Kulaura",
            "Maulvi Bazar Sadar",
            "Moulvibazar",
            "Moulvibazar Sadar",
            "Rajnagar",
            "Sreemangal",
            "Srimangal"
        ]
    },
    {
        "district": "Munshiganj",
        "thana": [
            "Gazaria",
            "Khaskandi",
            "Louhajang",
            "Munshiganj",
            "Munshiganj Sadar",
            "Pakhir Mor",
            "Rosulpur",
            "Sirajdikhan",
            "Sreenagar",
            "Srinagar",
            "Tongibari",
            "Vabarchar"
        ]
    },
    {
        "district": "Mymensingh",
        "thana": [
            "Bhaluka",
            "Dhobaura",
            "Fulbaria",
            "Fulpur",
            "Gafargaon",
            "Gaffargaon",
            "Gaforgaon",
            "Gouripur",
            "Haluaghat",
            "Ishwarganj",
            "Iswarganj",
            "Kotwali - Mymensingh",
            "Muktagacha",
            "Muktagachha",
            "Mymensingh",
            "Mymensingh Sadar",
            "Nandail",
            "Phulpur",
            "Shomvugonj",
            "Trisal",
            "Trishal"
        ]
    },
    {
        "district": "Naogaon",
        "thana": [
            "Atrai",
            "Badalgachi",
            "Dhamairhat",
            "Dhamoirhat",
            "Mahadebpur",
            "Mohadevpur",
            "Naogaon",
            "Naogaon Sadar",
            "Nazipur",
            "Niamatpur",
            "Niamotpur",
            "Patnitala",
            "Porsha",
            "Potnitola",
            "Raninagar",
            "Raninogor",
            "Sapahar"
        ]
    },
    {
        "district": "Narail",
        "thana": [
            "Kalia",
            "Lohagara",
            "Lohagara (NRL)",
            "Narail",
            "Narail - Lohagara",
            "Narail Sadar"
        ]
    },
    {
        "district": "Narayanganj",
        "thana": [
            "Adomji",
            "Alirtek",
            "Atlapur",
            "Baidder Bazar",
            "Bandar",
            "Banti-Bazar",
            "Bausia",
            "Beldi-Daudpur",
            "Bhuighor",
            "Bhulta",
            "Bisic",
            "Boktaboli",
            "Borabo",
            "Chanpara",
            "Chanpara-Nawra",
            "Chashra",
            "Chowdhuri Bari",
            "Delpara",
            "Deobhog",
            "Fatullah",
            "Fatullah Bazar",
            "Fatullah Rail Station",
            "Fotulla",
            "Gawsia",
            "Gopaldi",
            "Isdair",
            "Jalkuri",
            "Kachpur",
            "Kanchan",
            "Khaira",
            "Khanpur",
            "Khaza Market",
            "Lokkhon Khola",
            "Madanganj",
            "Madanpur",
            "Mahmudpur",
            "Majdair",
            "Masdair",
            "Mitali Market",
            "Murapara",
            "Nabiganj Bandar",
            "Narayanganj",
            "Narayanganj Sadar",
            "Narsingdi",
            "Nayanagar",
            "Neela Market",
            "New Town",
            "Nitaiganj",
            "Nowa Para",
            "Nowa Para - Bhulta",
            "Pachgaon",
            "Pachgaon - Bhulta",
            "Pagla",
            "Panchabati",
            "Passport Office (Siddhirganj)",
            "Pathantoli",
            "Pathantoli-Hajiganj",
            "Ponchoboti",
            "Prosonnonagar",
            "Provakordi",
            "Purbachal",
            "Radhanagar",
            "Rupshi",
            "Sayedpur - Narayanganj",
            "Shanarpar",
            "Shibu Market",
            "Siddhirganj",
            "Siddhirgonj",
            "Siddirganj",
            "Signboard",
            "Sonargaon",
            "South Chashara",
            "Tarabo",
            "Uchitpura",
            "Volail",
            "Zilla Parishod"
        ]
    },
    {
        "district": "Narayanganj",
        "thana": [
            "Araihazar",
            "Rupganj"
        ]
    },
    {
        "district": "Narsingdi",
        "thana": [
            "Belabo",
            "Madhabdi",
            "Monohardi",
            "Monohordi",
            "Narshingdi Sadar",
            "Narsingdi Sadar",
            "Palash",
            "Raipura",
            "Shibpur"
        ]
    },
    {
        "district": "Natore",
        "thana": [
            "Bagatipara",
            "Baraigram",
            "Gurudaspur",
            "Lalpur",
            "Naldanga",
            "Naldanga - Natore",
            "Natore",
            "Natore Sadar",
            "Singra"
        ]
    },
    {
        "district": "Netrakona",
        "thana": [
            "Atpara",
            "Barhatta",
            "Durgapur",
            "Durgapur (NRK)",
            "Kalmakanda",
            "Kendua",
            "Khaliajuri",
            "KhaliajuriSaddar",
            "Madan",
            "Mohanganj",
            "Netrakona",
            "Netrokona",
            "Netrokona - Durgapur",
            "Netrokona Sadar",
            "Purbadhala",
            "Susang Durgapur",
            "Tarakanda"
        ]
    },
    {
        "district": "Nilphamari",
        "thana": [
            "Dimla",
            "Domar",
            "Jaldhaka",
            "Kishoreganj (NPR)",
            "Nilphamari",
            "Nilphamari - Kishoreganj",
            "Nilphamari Sadar",
            "Saidpur",
            "Syedpur"
        ]
    },
    {
        "district": "Noakhali",
        "thana": [
            "Basurhat",
            "Begumganj",
            "Chatkhil",
            "Chondrogonj",
            "Companiganj",
            "Companiganj (NKH)",
            "Hatiya",
            "Kabirhat",
            "Kobirhat",
            "Maizdee",
            "Noakhali",
            "Noakhali - Companiganj",
            "Noakhali - Daraz",
            "Noakhali Sadar",
            "Senbag",
            "Sonaimuri",
            "Sonapur",
            "Subarnachar",
            "Subornochar"
        ]
    },
    {
        "district": "Pabna",
        "thana": [
            "Aminpur",
            "Ataikula",
            "Atghoria",
            "Bera",
            "Bhangura",
            "Chatmohar",
            "Faridpur (PBN)",
            "Ishwardi",
            "Kasinathpur",
            "Pabna",
            "Pabna Sadar",
            "Pabna Sadar (old)",
            "Pabna-Faridpur",
            "Santhia",
            "Sathia",
            "Sujanagar",
            "Tebunia"
        ]
    },
    {
        "district": "Panchagarh",
        "thana": [
            "Atowari",
            "Atwari",
            "Boda",
            "Debiganj",
            "Panchagarh",
            "Panchagarh Sadar",
            "Panchagra Sadar",
            "Tetulia"
        ]
    },
    {
        "district": "Patuakhali",
        "thana": [
            "Amtuli",
            "Bauphal",
            "Dashmina",
            "Dumkee",
            "Dumki",
            "Galachipa",
            "Kalapara",
            "Mirzaganj",
            "Patuakhali",
            "Patuakhali Sadar",
            "Rangabali",
            "Subidkhali"
        ]
    },
    {
        "district": "Pirojpur",
        "thana": [
            "Bhandaria",
            "Indurkani",
            "Kawkhali",
            "Kawkhali - Pirojpur",
            "Mathbaria",
            "Nazirpur",
            "Nesarabad",
            "Nesarabad (Swarupkathi)",
            "Pirojpur",
            "Pirojpur Sadar",
            "Swarupkathi",
            "Swarupkati",
            "Zianagar"
        ]
    },
    {
        "district": "Rajbari",
        "thana": [
            "Baliakandi",
            "Goalanda",
            "Kalukhali",
            "Pangsa",
            "Pangsha",
            "Rajbari",
            "Rajbari Sadar"
        ]
    },
    {
        "district": "Rajshahi",
        "thana": [
            "Bagha",
            "Baghmara",
            "Bagmara",
            "Baneswar",
            "Banseshwar",
            "Boalia",
            "Chandrima",
            "Charghat",
            "Durgapur (RSH)",
            "Godagari",
            "Kashiadanga",
            "Katakhali",
            "Matihar",
            "Mohonpur",
            "Motihar",
            "Paba",
            "Puthia",
            "Putia",
            "Rajpara",
            "Rajshahi",
            "Rajshahi - Durgapur",
            "Rajshahi Sadar",
            "Shah Makhdum",
            "Sharda",
            "Taherpur",
            "Tanor",
            "Tanore"
        ]
    },
    {
        "district": "Rangamati",
        "thana": [
            "Baghaichari",
            "Baghaichhari",
            "Baghaichhari ",
            "Barkal",
            "Belaichhari",
            "Jurachhari",
            "Kaptai",
            "Kawkhali (Betbunia)",
            "Kawkhali (RGM)",
            "Kawkhali - Rangamati",
            "Lakkhichhari",
            "Langadu",
            "Langadu Upazila",
            "Mahalchhari",
            "Naniarchar",
            "Naniarchar Upazila",
            "Rajasthali",
            "Rajasthali Upazila",
            "Rangamati",
            "Rangamati Sadar"
        ]
    },
    {
        "district": "Rangpur",
        "thana": [
            "Badarganj",
            "Badargonj",
            "Gangachara",
            "Hajirhat",
            "Haragach",
            "Kaunia",
            "Kotwali-Rangpur",
            "Mahiganj",
            "Mithapukur",
            "Pirgacha",
            "Pirgachha",
            "Pirganj - Rangpur",
            "Pirgonj (RNP)",
            "Porshurampur Thana",
            "Rangpur",
            "Rangpur Cantonment",
            "Rangpur Sadar",
            "Tajhat",
            "Taraganj",
            "Taragonj"
        ]
    },
    {
        "district": "Satkhira",
        "thana": [
            "Assasuni",
            "Chandkhali",
            "Debhata",
            "Kalaroa",
            "Kaliganj (STK)",
            "Kaliganj - Satkhira",
            "Kaligonj",
            "Satkhira",
            "Satkhira Sadar",
            "Shyamnagar",
            "Syamnagar",
            "Tala"
        ]
    },
    {
        "district": "Savar",
        "thana": [
            "Ashulia",
            "Savar"
        ]
    },
    {
        "district": "Shariatpur",
        "thana": [
            "Bhedarganj",
            "Damudhya",
            "Damudya",
            "Gosairhat",
            "Jajira",
            "Naria",
            "Shakhipur",
            "Shariatpur",
            "Shariatpur Sadar",
            "Zajira",
            "Zanjira"
        ]
    },
    {
        "district": "Sherpur",
        "thana": [
            "Baksiganj",
            "Jhenaigati",
            "Nakla",
            "Nalitabari",
            "Nokla",
            "Sherpur",
            "Sherpur Sadar",
            "SherpurSadar",
            "Sreebardi",
            "Sreebordi"
        ]
    },
    {
        "district": "Sirajganj",
        "thana": [
            "Belkuchi",
            "Chouhali",
            "Kamarkhanda",
            "Kazipur",
            "Raigonj",
            "Rayganj",
            "Salonga",
            "Shahjadpur",
            "Shahjadpur - Sirajganj",
            "Sirajganj",
            "Sirajganj Sadar",
            "Tarash",
            "Ullahpara",
            "Ullapara"
        ]
    },
    {
        "district": "Sunamganj",
        "thana": [
            "Bishwambarpur",
            "Bishwamvarpur",
            "Bishwanath - Daraz",
            "Chatak",
            "Chhatak",
            "Dakshin Sunamganj",
            "Derai",
            "Dharmapasha",
            "Dowarabazar",
            "Jagannathpur",
            "Jagannathpur ",
            "Jamalganj",
            "Madhyanagar",
            "Shalla",
            "Shantiganj",
            "SouthSunamganj",
            "Sunamganj",
            "Sunamganj Sadar",
            "Tahirpur"
        ]
    },
    {
        "district": "Sylhet",
        "thana": [
            "Airport",
            "Balaganj",
            "Beani Bazar",
            "BeaniBazar",
            "Biani bazar",
            "Bimanbandar (SYL)",
            "Bishwanath",
            "Bishwanath ",
            "Biyanibazar",
            "Dakkhin Surma",
            "Dakshin Surma",
            "Fenchuganj",
            "Golapganj",
            "Gowainghat",
            "Jaintapur",
            "Jaintiapur",
            "Jalalabad",
            "Kanaigath",
            "Kanaighat",
            "Kotwali (SYL)",
            "Kotwali - Sylhet",
            "Moglabazar",
            "Osmani",
            "Osmani Nagar",
            "OsmaniNagar",
            "Shah Paran",
            "Shahparan",
            "Sylhet",
            "Sylhet - Companyganj",
            "Sylhet Sadar",
            "Zakiganj"
        ]
    },
    {
        "district": "Thakurgaon",
        "thana": [
            "Baliadangi",
            "Haripur",
            "Pirganj",
            "Pirganj (TKG)",
            "Pirganj - Thakurgaon",
            "Ranisankail",
            "Ruhiya",
            "Thakurgaon",
            "Thakurgaon Sadar"
        ]
    }
]


